{
	"name": "realpack",
	"desc": "Текстуры HD",
	"author": "LeShEv",
	"version": "3.5",
"mob": [
	{ "file": "spider.png", "hash": "73e866c18e7d0a666b7f0ee026da16d4" },
	{ "file": "chicken.png", "hash": "31aa0f6ea4691c0271e5010a0cf2dead" },
	{ "file": "cow.png", "hash": "d2dcfe0d4fecf551031b05aeb0ad4d9d" },
	{ "file": "creeper.png", "hash": "1440f7344129411b987740f661b48b20" },
	{ "file": "enderman.png", "hash": "d7197bb2e51135440d37405adedf21c5" },
	{ "file": "ghast.png", "hash": "a496f87007b9b4aff6ed6e7f52fd3ed7" },
	{ "file": "redcow.png", "hash": "6bf1be8f295f9feec8f478bbba452470" },
	{ "file": "pig.png", "hash": "798373eca26e733bd3429b52b1adb487" },
	{ "file": "sheep.png", "hash": "fbfb86ff342df6ba069d487f9674d77a" },
	{ "file": "slime.png", "hash": "fecc3e445911973801a0f9524d2d7f8e" },
	{ "file": "squid.png", "hash": "490c096c7d182bd12e78ad1bcbb15f72" },
	{ "file": "wolf.png", "hash": "af99672fa013406a4a9863f434fdba36" },
	{ "file": "pigman.png", "hash": "0092937af2317ae330473ab50dcfb936" }
	],
"graph": [
	{ "file": "block/door_steel/door_steel_hd.png", "hash": "f2dd2964fd734a85b1cc112fb04153e3" },
	{ "file": "block/chest/chest_hd.png", "hash": "47e062a3f60852516d34ef533147698a" },
	{ "file": "block/largechest/largechest_hd.png", "hash": "ad0a0d6d85ee8d3b1fee2d7b117f1155" },
	{ "file": "block/cupboard/cupboard_hd.png", "hash": "95cf027f80962fd972b57fc88e7920c3" },
	{ "file": "block/largecupboard/largecupboard_hd.png", "hash": "b4ce1389d60120e498c6adeae837c879" },
	{ "file": "galaxy/stars.png", "hash": "9caae1328d0a701b88b81c5a87202545" },
	{ "file": "galaxy/galaxy_stars.png", "hash": "946d3d1763678c1dc63c5688621ed35c" },
	{ "file": "hd/armor/iron.png", "hash": "52e9a98f52f06c539d465c319d286965" },
	{ "file": "hd/armor/gold.png", "hash": "c05cacc67580d17f279442d011bebea5" },
	{ "file": "hd/armor/diamond.png", "hash": "6a393432fc431f2a6f339539163e84de" },
	{ "file": "hd/armor/cloth.png", "hash": "91c92c4900e242f828f73ecc37b0a13a" },
	{ "file": "hd/custom_lava_still.png", "hash": "667acd87a779da062e53152c1df47622" },
	{ "file": "hd/custom_lava_flowing.png", "hash": "ec4a32d5c4e6a5b2d7393fe42b82cb1f" },
	{ "file": "hd/custom_water_flowing.png", "hash": "1da13b81ba23b3bcfc404f8d28dd6265" },
	{ "file": "hd/custom_water_still.png", "hash": "3f97a7bc3c88a52c13188a99b912c688" },
	{ "file": "hd/custom_portal.png", "hash": "872096d59bd96a43c52107ffe057167f" },
	{ "file": "hd/terrain/moon.png", "hash": "f9912d2a765f7e0a07bf102d3d4034ca" },
	{ "file": "hd/terrain/moon_mask.png", "hash": "18e388551575c0c26b3aca30017eca9d" },
	{ "file": "hd/terrain/moon_phases.png", "hash": "db52ca35c87f468c5af97ee46df3ecc1" },
	{ "file": "hd/terrain/sun.png", "hash": "9d49cd6dd9095046a1213bb4da140c04" },
	{ "file": "hd/particles.png", "hash": "9a0f61dbecf97ed6feed1058b7075792" },
	{ "file": "hd/moon.png", "hash": "f9912d2a765f7e0a07bf102d3d4034ca" },
	{ "file": "hd/moon_mask.png", "hash": "b6d9da384fefb878a02fe6528f15af52" },
	{ "file": "hd/moon_phases.png", "hash": "661bc551af5b682ef350fb55195aa234" },
	{ "file": "hd/sun.png", "hash": "9d49cd6dd9095046a1213bb4da140c04" },
	{ "file": "hd/terrain.png", "hash": "f40da2a015452aea6a26a8a56f44bd63" }
	]
}
