{
	"name": "realpack",
	"desc": "HD ресурсы dev13528062025",
	"author": "LeShEv",
	"version": "3.3",
"block": [
        { "file": "1.png", "id": 1, "meta": 0 },
	{ "file": "1_1.png", "id": 1, "meta": 1 },
	{ "file": "1_2.png", "id": 1, "meta": 2 },
	{ "file": "1_3.png", "id": 1, "meta": 3 },
	{ "file": "1_4.png", "id": 1, "meta": 4 },
	{ "file": "1_5.png", "id": 1, "meta": 5 },
	{ "file": "1_6.png", "id": 1, "meta": 6 },
	{ "file": "1_6.png", "id": 1, "meta": 7 },
	{ "file": "1_6.png", "id": 1, "meta": 8 },
        { "file": "4.png", "id": 4 },
        { "file": "5.png", "id": 5, "meta": 0 },
        { "file": "5_1.png", "id": 5, "meta": 1 },
        { "file": "5_2.png", "id": 5, "meta": 2 },
        { "file": "5_3.png", "id": 5, "meta": 3 },
        { "file": "5_4.png", "id": 5, "meta": 4 },
        { "file": "5_5.png", "id": 5, "meta": 5 },
        { "file": "5_6.png", "id": 5, "meta": 6 },
        { "file": "5_7.png", "id": 5, "meta": 7 },
        { "file": "5_8.png", "id": 5, "meta": 8 },
        { "file": "5_9.png", "id": 5, "meta": 9 },
        { "file": "6.png", "id": 6, "meta": 0 },
        { "file": "6_1.png", "id": 6, "meta": 1 },
        { "file": "6_2.png", "id": 6, "meta": 2 },
        { "file": "6_3.png", "id": 6, "meta": 3 },
        { "file": "6_4.png", "id": 6, "meta": 4 },
        { "file": "7.png", "id": 7 },
        { "file": "12.png", "id": 12 },
        { "file": "13.png", "id": 13 },
        { "file": "14.png", "id": 14 },
        { "file": "15.png", "id": 15, "meta": 0 },
        { "file": "15_1.png", "id": 15, "meta": 1 },
        { "file": "16.png", "id": 16 },
        { "file": "17.png", "id": 17, "meta": 0 },
        { "file": "17_1.png", "id": 17, "meta": 1 },
        { "file": "17_2.png", "id": 17, "meta": 2 },
        { "file": "17_3.png", "id": 17, "meta": 3 },
        { "file": "18.png", "id": 18, "meta": 0 },
        { "file": "18_1.png", "id": 18, "meta": 1 },
        { "file": "18_2.png", "id": 18, "meta": 2 },
        { "file": "18_3.png", "id": 18, "meta": 3 },
        { "file": "20.png", "id": 20, "meta": 0 },
        { "file": "21.png", "id": 21 },
        { "file": "22.png", "id": 22 },
        { "file": "27.png", "id": 27 },
        { "file": "28.png", "id": 28 },
        { "file": "30.png", "id": 30 },
        { "file": "31.png", "id": 31, "meta": 0 },
        { "file": "32.png", "id": 32 },
        { "file": "35.png", "id": 35, "meta": 0 },
        { "file": "35_1.png", "id": 35, "meta": 1 },
        { "file": "35_2.png", "id": 35, "meta": 2 },
        { "file": "35_3.png", "id": 35, "meta": 3 },
        { "file": "35_4.png", "id": 35, "meta": 4 },
        { "file": "35_5.png", "id": 35, "meta": 5 },
        { "file": "35_6.png", "id": 35, "meta": 6 },
        { "file": "35_7.png", "id": 35, "meta": 7 },
        { "file": "35_8.png", "id": 35, "meta": 8 },
        { "file": "35_9.png", "id": 35, "meta": 9 },
        { "file": "35_10.png", "id": 35, "meta": 10 },
        { "file": "35_11.png", "id": 35, "meta": 11 },
        { "file": "35_12.png", "id": 35, "meta": 12 },
        { "file": "35_13.png", "id": 35, "meta": 13 },
        { "file": "35_14.png", "id": 35, "meta": 14 },
        { "file": "35_15.png", "id": 35, "meta": 15 },
        { "file": "37.png", "id": 37, "meta": 0 },
        { "file": "37_1.png", "id": 37, "meta": 1 },
        { "file": "37_2.png", "id": 37, "meta": 2 },
        { "file": "37_3.png", "id": 37, "meta": 3 },
        { "file": "37_5.png", "id": 37, "meta": 5 },
        { "file": "38.png", "id": 38, "meta": 0 },
        { "file": "39.png", "id": 39 },
        { "file": "40.png", "id": 40 },
        { "file": "41.png", "id": 41 },
        { "file": "42.png", "id": 42, "meta": 0 },
        { "file": "42_1.png", "id": 42, "meta": 1 },
        { "file": "42_2.png", "id": 42, "meta": 2 },
        { "file": "42_3.png", "id": 42, "meta": 3 },
        { "file": "45.png", "id": 45, "meta": 0 },
        { "file": "45_1.png", "id": 45, "meta": 1 },
        { "file": "45_2.png", "id": 45, "meta": 2 },
        { "file": "45_3.png", "id": 45, "meta": 3 },
        { "file": "45_4.png", "id": 45, "meta": 4 },
        { "file": "45_5.png", "id": 45, "meta": 5 },
        { "file": "45_6.png", "id": 45, "meta": 6 },
        { "file": "45_7.png", "id": 45, "meta": 7 },
        { "file": "45_8.png", "id": 45, "meta": 8 },
        { "file": "45_9.png", "id": 45, "meta": 9 },
        { "file": "45_10.png", "id": 45, "meta": 10 },
        { "file": "45_11.png", "id": 45, "meta": 11 },
        { "file": "45_12.png", "id": 45, "meta": 12 },
        { "file": "45_13.png", "id": 45, "meta": 13 },
        { "file": "45_14.png", "id": 45, "meta": 14 },
        { "file": "45_15.png", "id": 45, "meta": 15 },
        { "file": "46.png", "id": 46 },
        { "file": "47.png", "id": 47 },
        { "file": "48.png", "id": 48 },
        { "file": "49.png", "id": 49 },
        { "file": "56.png", "id": 56 },
        { "file": "57.png", "id": 57 },
        { "file": "58.png", "id": 58 },
        { "file": "59.png", "id": 59, "meta": 0 },
        { "file": "59_1.png", "id": 59, "meta": 1 },
        { "file": "59_2.png", "id": 59, "meta": 2 },
        { "file": "59_3.png", "id": 59, "meta": 3 },
        { "file": "59_4.png", "id": 59, "meta": 4 },
        { "file": "59_5.png", "id": 59, "meta": 5 },
        { "file": "59_6.png", "id": 59, "meta": 6 },
        { "file": "59_7.png", "id": 59, "meta": 7 },
        { "file": "66.png", "id": 66 },
        { "file": "73.png", "id": 73 },
        { "file": "74.png", "id": 74 },
        { "file": "79.png", "id": 79 },
        { "file": "81.png", "id": 81, "meta": 0 },
        { "file": "82.png", "id": 82 },
        { "file": "83.png", "id": 83 },
        { "file": "87.png", "id": 87 },
	{ "file": "89.png", "id": 89, "meta": 0 },
	{ "file": "101.png", "id": 101, "meta": 0 },
        { "file": "106.png", "id": 106 },
        { "file": "118.png", "id": 118, "meta": 0 },
        { "file": "118_1.png", "id": 118, "meta": 1 },
        { "file": "118_2.png", "id": 118, "meta": 2 },
        { "file": "118_5.png", "id": 118, "meta": 5 },
        { "file": "123.png", "id": 123, "meta": 0 },
        { "file": "125.png", "id": 125, "meta": 0 },
	{ "file": "125_1.png", "id": 125, "meta": 1 },
	{ "file": "125_2.png", "id": 125, "meta": 2 },
        { "file": "129.png", "id": 129 },
        { "file": "130.png", "id": 130, "meta": 0  },
	{ "file": "131.png", "id": 131, "meta": 0  },
        { "file": "132.png", "id": 132, "meta": 0  },
        { "file": "138.png", "id": 138, "meta": 0  },
        { "file": "140.png", "id": 140, "meta": 0 },
        { "file": "140_1.png", "id": 140, "meta": 1 },
        { "file": "140_2.png", "id": 140, "meta": 2 },
        { "file": "140_3.png", "id": 140, "meta": 3 },
        { "file": "142.png", "id": 142 },
        { "file": "145.png", "id": 145, "meta": 0 },
        { "file": "151.png", "id": 151 },
        { "file": "152.png", "id": 152 },
        { "file": "153.png", "id": 153 },
        { "file": "157.png", "id": 157 },
        { "file": "166.png", "id": 166 },
	{ "file": "167.png", "id": 167 },
        { "file": "169.png", "id": 169 },
        { "file": "177.png", "id": 177},
        { "file": "178.png", "id": 178, "meta": 0 },
        { "file": "178_1.png", "id": 178, "meta": 1 },
        { "file": "179.png", "id": 179, "meta": 0 },
        { "file": "179_1.png", "id": 179, "meta": 1 },
        { "file": "195.png", "id": 195, "meta": 0 },
	{ "file": "195_1.png", "id": 195, "meta": 1 },
	{ "file": "195_2.png", "id": 195, "meta": 2 },
	{ "file": "195_3.png", "id": 195, "meta": 3 },
	{ "file": "195_4.png", "id": 195, "meta": 4 },
	{ "file": "195_5.png", "id": 195, "meta": 5 },
	{ "file": "195_6.png", "id": 195, "meta": 6 },
	{ "file": "195_7.png", "id": 195, "meta": 7 },
	{ "file": "195_8.png", "id": 195, "meta": 8 },
        { "file": "196.png", "id": 196 },
        { "file": "201.png", "id": 201 },
        { "file": "204.png", "id": 204 },
        { "file": "205.png", "id": 205 },
        { "file": "216.png", "id": 216 },
        { "file": "217.png", "id": 217, "meta": 0 },
	{ "file": "125_1.png", "id": 125, "meta": 1 },
	{ "file": "125_2.png", "id": 125, "meta": 2 },
        { "file": "220_2.png", "id": 220, "meta": 2 },
	{ "file": "220_3.png", "id": 220, "meta": 3 },
	{ "file": "220_4.png", "id": 220, "meta": 4 },
	{ "file": "220_5.png", "id": 220, "meta": 5 },
	{ "file": "220_6.png", "id": 220, "meta": 6 },
	{ "file": "220_7.png", "id": 220, "meta": 7 },
	{ "file": "220_8.png", "id": 220, "meta": 8 },
	{ "file": "226.png", "id": 226, "meta": 0 },
        { "file": "228.png", "id": 228 },
	{ "file": "231.png", "id": 231, "meta": 0 },
	{ "file": "239_9.png", "id": 239, "meta": 9 },
	{ "file": "239_10.png", "id": 239, "meta": 10 },
        { "file": "244.png", "id": 244, "meta": 0 },
        { "file": "245.png", "id": 245, "meta": 0 }
    ],
"mob": [
	{ "file": "spider.png", "hash": "73e866c18e7d0a666b7f0ee026da16d4" },
	{ "file": "chicken.png", "hash": "31aa0f6ea4691c0271e5010a0cf2dead" },
	{ "file": "cow.png", "hash": "d2dcfe0d4fecf551031b05aeb0ad4d9d" },
	{ "file": "creeper.png", "hash": "1440f7344129411b987740f661b48b20" },
	{ "file": "enderman.png", "hash": "d7197bb2e51135440d37405adedf21c5" },
	{ "file": "ghast.png", "hash": "a496f87007b9b4aff6ed6e7f52fd3ed7" },
	{ "file": "redcow.png", "hash": "6bf1be8f295f9feec8f478bbba452470" },
	{ "file": "pig.png", "hash": "798373eca26e733bd3429b52b1adb487" },
	{ "file": "sheep.png", "hash": "fbfb86ff342df6ba069d487f9674d77a" },
	{ "file": "slime.png", "hash": "fecc3e445911973801a0f9524d2d7f8e" },
	{ "file": "squid.png", "hash": "490c096c7d182bd12e78ad1bcbb15f72" },
	{ "file": "wolf.png", "hash": "af99672fa013406a4a9863f434fdba36" },
	{ "file": "pigman.png", "hash": "0092937af2317ae330473ab50dcfb936" }
	],
"graph": [
	{ "file": "block/door_steel/door_steel_hd.png", "hash": "f2dd2964fd734a85b1cc112fb04153e3" },
	{ "file": "block/chest/chest_hd.png", "hash": "47e062a3f60852516d34ef533147698a" },
	{ "file": "block/largechest/largechest_hd.png", "hash": "ad0a0d6d85ee8d3b1fee2d7b117f1155" },
	{ "file": "block/cupboard/cupboard_hd.png", "hash": "95cf027f80962fd972b57fc88e7920c3" },
	{ "file": "block/largecupboard/largecupboard_hd.png", "hash": "b4ce1389d60120e498c6adeae837c879" },
	{ "file": "galaxy/stars.png", "hash": "9caae1328d0a701b88b81c5a87202545" },
	{ "file": "galaxy/galaxy_stars.png", "hash": "946d3d1763678c1dc63c5688621ed35c" },
	{ "file": "hd/armor/iron.png", "hash": "52e9a98f52f06c539d465c319d286965" },
	{ "file": "hd/armor/gold.png", "hash": "c05cacc67580d17f279442d011bebea5" },
	{ "file": "hd/armor/diamond.png", "hash": "6a393432fc431f2a6f339539163e84de" },
	{ "file": "hd/armor/cloth.png", "hash": "91c92c4900e242f828f73ecc37b0a13a" },
	{ "file": "hd/custom_lava_still.png", "hash": "667acd87a779da062e53152c1df47622" },
	{ "file": "hd/custom_lava_flowing.png", "hash": "ec4a32d5c4e6a5b2d7393fe42b82cb1f" },
	{ "file": "hd/custom_water_flowing.png", "hash": "1da13b81ba23b3bcfc404f8d28dd6265" },
	{ "file": "hd/custom_water_still.png", "hash": "3f97a7bc3c88a52c13188a99b912c688" },
	{ "file": "hd/custom_portal.png", "hash": "872096d59bd96a43c52107ffe057167f" },
	{ "file": "hd/terrain/moon.png", "hash": "f9912d2a765f7e0a07bf102d3d4034ca" },
	{ "file": "hd/terrain/moon_mask.png", "hash": "18e388551575c0c26b3aca30017eca9d" },
	{ "file": "hd/terrain/moon_phases.png", "hash": "db52ca35c87f468c5af97ee46df3ecc1" },
	{ "file": "hd/terrain/sun.png", "hash": "9d49cd6dd9095046a1213bb4da140c04" },
	{ "file": "hd/particles.png", "hash": "9a0f61dbecf97ed6feed1058b7075792" },
	{ "file": "hd/moon.png", "hash": "f9912d2a765f7e0a07bf102d3d4034ca" },
	{ "file": "hd/moon_mask.png", "hash": "b6d9da384fefb878a02fe6528f15af52" },
	{ "file": "hd/moon_phases.png", "hash": "661bc551af5b682ef350fb55195aa234" },
	{ "file": "hd/terrain.png", "hash": "f40da2a015452aea6a26a8a56f44bd63" },
	{ "file": "hd/sun.png", "hash": "9d49cd6dd9095046a1213bb4da140c04" }
	]
}
